Gap,Time (s),Pulses
13,0,0
13,0,0
19.0,15.581656651990727,51.0
21,0,0
16.0,58.042681582242956,66.0
